<?xml version="1.0" encoding="UTF-8"?>
<beans xmlns="http://www.springframework.org/schema/beans"
xmlns:xsi="http://www.w3.org/2001/XMLSchema-instance"
xmlns:context = "http://www.springframework.org/schema/context"
xmlns:tx="http://www.springframework.org/schema/tx"
xsi:schemaLocation="http://www.springframework.org/schema/beans
http://www.springframework.org/schema/beans/spring-beans-4.3.xsd
	http://www.springframework.org/schema/context
	http://www.springframework.org/schema/context/spring-context-4.3.xsd
	http://www.springframework.org/schema/tx
	http://www.springframework.org/schema/tx/spring-tx.xsd">
	<bean id="libroDAO" class="dao.LibroDAOJPAImpl">
			<property name="entityManagerFactory" ref="entityManagerFactory"/>
	</bean>
	<bean id="categoriaDAO" class="dao.CategoriaDAOJPAImpl">
			<property name="entityManagerFactory" ref="entityManagerFactory"></property>
	</bean>
	<bean id="servicioLibros" class="servicios.ServicioLibrosImpl">
				<property name="libroDAO" ref="libroDAO"></property>
	</bean>
	<bean id="servicioCategoria" class="servicios.ServicioCategoriaImpl">
				<property name="categoriaDAO" ref="categoriaDAO"></property>
	</bean>
	<bean id="fuenteDeDatos" class="org.springframework.jdbc.datasource.DriverManagerDataSource">
			<property name="driverClassName" value="com.mysql.jdbc.Driver"/>
			<property name="url" value="jdbc:mysql://localhost/libreria"/>
			<property name="username" value="JavaEE"/>
			<property name="password" value="1857610"/>
	</bean>
	<bean id="entityManagerFactory" class="org.springframework.orm.jpa.LocalContainerEntityManagerFactoryBean">
			<property name="persistenceUnitName" value="Cursodia"/>
			<property name="dataSource" ref="fuenteDeDatos"/>
			<property name="jpaVendorAdapter">
					<bean id="jpaVendorAdapter" class="org.springframework.orm.jpa.vendor.HibernateJpaVendorAdapter">
						<property name="databasePlatform" value="org.hibernate.dialect.MySQL5Dialect"/>
						<property name="showSql" value="true"/>
					</bean>	
			</property>
	</bean>
</beans>
