<?xml version="1.0" encoding="UTF-8"?>
<hibernate-configuration>
	<session-factory>
		<property name="connection.driver_class">com.mysql.cj.jdbc.Driver</property>
		<property name="connection.url">jdbc:mysql://localhost/libreria</property>
		<property name="connection.username">JavaEE</property>
		<property name="connection.password">1857610</property>
		<property name="connection.pool_size">5</property>
		<property name="dialect">org.hibernate.dialect.MySQL5Dialect</property>
		<property name="show_sql">true</property>
		<mapping class="javaEEJDBC.Libro"/>
		<mapping class="javaEEJDBC.Categoria"/>
	</session-factory>
</hibernate-configuration>